Compound,TCIT,Exp
BrC(=O)c1ccccc1,-111.47,-107.3
BrC(Br)=O,-148.95,-145.0
BrC(Br)Br,3.84,9.4
BrC1CCCCC1Br,-149.59,-160.5
BrCC=C,12.59,13.0
BrCCCCBr,-139.84,-140.1
BrCc1ccccc1,5.7,16.0
C#CC1(CC1)C#C,505.41,500.9
C#CC1CC1,262.25,261.1
C#Cc1ccccc1,256.49,284.3
C(c1ccccc1)c2ccccc2,93.65,97.1
C/1=C/C=C\C=C/C=C1,254.44,254.5
C/C=C/C#N,107.82,100.7
C/C=C/C(=O)OC(C)(C)C,-493.49,-474.0
C/C=C/C(=O)OC(C)C,-458.72,-457.0
C/C=C/C(=O)OCCC(C)C,-496.88,-501.0
C/C=C/CC(=O)OC(C)C,-471.62,-473.0
C/C=C/CC(=O)OCC(C)C,-487.39,-505.0
C1C=CCC=C1,74.51,69.7
C1CC1C#CC#CC2CC2,535.91,503.6
C1CC1C2CC2,106.43,96.0
C1CC1c2ccccc2,106.85,100.2
C1CC=CC1,9.04,4.85
C1CC=CC=C1,75.27,71.41
C1CC=CO1,-105.62,-103.02
C1CC=CS1,42.36,52.9
C1CCC(CC1)C2CCCCC2,-273.54,-273.3
C1CCC(CC1)c2ccccc2,-78.23,-79.1
C1CCC=CC1,-35.69,-37.8
C1CCCC1,-101.53,-105.6
C1CCCCC1,-154.02,-156.2
C1CCCCCCC1,-165.92,-169.4
C1CCCNCC1,-84.11,-89.3
C1CCNCC1,-87.16,-86.44
C1CCOCC1,-257.68,-255.0
C1CCSC1,-72.76,-72.8
C1CCSCC1,-107.34,-106.2
C1CN(C1)CCc2ccccc2,101.28,122.0
C1CO1,-80.06,-95.7
C1COC(O1)c2ccccc2,-252.63,-267.4
C1COC=CC1,-148.76,-147.73
C1COCCO1,-355.72,-355.13
C1COCCOCCOCCO1,-697.12,-696.8
C1COCCOCCOCCOCCO1,-868.14,-879.1
C1COCO1,-335.61,-337.2
C1COCOC1,-377.44,-377.5
C1COCOCCO1,-516.54,-516.0
C1CS1,44.39,52.0
C1CSC1,25.34,25.2
C1OC1COc2ccccc2,-163.07,-169.53
C1SCC=C1,42.5,47.3
C=C1CC(=O)O1,-231.35,-233.1
C=C1CCCC1,-26.6,-20.2
C=CC#N,152.74,147.1
C=CC1CC1,88.8,102.5
C=CC1CCC=CC1,31.94,29.7
C=CC=C,89.74,90.5
C=CCC#N,123.74,117.7
C=CCCC(=O)OCC(C)C,-482.09,-488.0
C=COc1ccccc1,-15.0,-26.0
C=C[S](=O)(=O)C=C,-194.62,-207.1
C=Cc1ccccc1,108.9,108.0
C=Cc1occc1,-19.37,-10.0
CBr,-58.04,-60.6
CC#CC#CC,357.02,335.2
CC#CC#CC1CC1,444.84,432.8
CC#N,39.44,40.56
CC(=C)C#C,226.09,231.0
CC(=C)C#CC#CC(C)=C,478.65,444.0
CC(=C)C(=O)OCC1CO1,-435.05,-455.4
CC(=C)C(O)=O,-406.34,-414.8
CC(=C)C=O,-139.3,-138.6
CC(=O)C(C)(C)C,-331.26,-328.54
CC(=O)C(C)=O,-366.42,-366.5
CC(=O)C1CC1,-149.76,-154.7
CC(=O)C=O,-311.95,-309.0
CC(=O)CC(=O)C(F)(F)F,-1022.68,-1040.2
CC(=O)CC(C)=O,-409.21,-414.1
CC(=O)Cc1ccccc1,-158.24,-162.5
CC(=O)OC(C)(C)C,-550.85,-554.5
CC(=O)OC1CCCCC1,-551.19,-558.9
CC(=O)OC=C,-351.57,-350.8
CC(=O)OCOC(C)=O,-859.37,-837.04
CC(=O)Oc1ccccc1,-310.75,-326.0
CC(=O)c1c(C)cc(C)cc1C,-248.79,-267.0
CC(=O)c1cc(C)c(C)cc1C,-238.16,-252.0
CC(=O)c1ccccc1,-139.54,-142.5
CC(Br)=O,-218.1,-223.3
CC(Br)CCBr,-150.86,-147.8
CC(C(C)=O)C(C)=O,-441.14,-437.0
CC(C)(Br)CBr,-150.6,-150.5
CC(C)(C)Br,-166.61,-164.0
CC(C)(C)C,-190.33,-190.3
CC(C)(C)C#C,77.32,77.8
CC(C)(C)C#N,-43.13,-39.9
CC(C)(C)C(=O)C#Cc1ccccc1,4.05,-1.1
CC(C)(C)C(=O)C(C)(C)C,-395.31,-391.2
CC(C)(C)C(=O)CC(=O)C(C)(C)C,-580.24,-587.7
CC(C)(C)CC(=O)C(C)(C)C,-443.02,-442.7
CC(C)(C)CC(=O)CC(C)(C)C,-471.13,-474.1
CC(C)(C)CC(C)(C)/N=N/C(C)(C)C,-175.41,-173.0
CC(C)(C)CS,-165.28,-165.1
CC(C)(C)Cl,-213.31,-211.2
CC(C)(C)N,-150.87,-150.6
CC(C)(C)N(F)F,-223.82,-221.0
CC(C)(C)N=NC(C)(C)C,-80.09,-75.5
CC(C)(C)O,-359.2,-359.2
CC(C)(C)OC(=O)C(F)(F)F,-1151.49,-1135.0
CC(C)(C)OC(C)(C)C,-408.07,-402.0
CC(C)(C)OC=O,-482.04,-493.0
CC(C)(C)OCC1CO1,-372.07,-370.0
CC(C)(C)ON=O,-208.77,-206.0
CC(C)(C)OO,-285.76,-294.0
CC(C)(C)OOC(C)(C)C,-382.41,-381.0
CC(C)(C)OOC(C)(C)C#CC=C,-53.95,-28.9
CC(C)(C)OOC(C)(C)CCC(C)(C)O,-686.02,-695.9
CC(C)(C)OOC(C)(C)CCC(C)(C)OO,-610.3,-636.0
CC(C)(C)OOCC1CO1,-311.86,-319.0
CC(C)(C)S,-144.71,-140.5
CC(C)(C)SC(C)(C)C,-242.66,-232.7
CC(C)(C)SCC=C,-92.5,-90.7
CC(C)(C)SSC(C)(C)C,-269.97,-253.0
CC(C)(C)c1ccccc1,-75.73,-70.8
CC(C)(C)c1ccccc1O,-286.69,-280.0
CC(C)(Cl)Cl,-209.07,-206.0
CC(C)(N)CN,-133.41,-134.0
CC(C)(O)C#CC=C,-32.92,-14.6
CC(C)(O)C(C)(C)O,-606.89,-606.3
CC(C)(O)C(C)(C)OC=O,-728.81,-732.3
CC(C)(O)C1(C)OCCCO1,-706.72,-709.0
CC(C)(OO)C#CC=C,38.73,63.6
CC(C)(OO)c1ccccc1,-159.38,-149.0
CC(C)/C=C/C(C)C,-145.26,-159.3
CC(C)=C(C)C,-95.7,-102.9
CC(C)=CC(C)=O,-220.71,-220.98
CC(C)=CC=C(C)C,-62.25,-63.12
CC(C)=O,-247.19,-249.4
CC(C)Br,-127.54,-129.0
CC(C)C#N,-9.43,-12.2
CC(C)C(=O)C(C)(C)C,-385.41,-381.6
CC(C)C(=O)C(C)C,-352.69,-352.9
CC(C)C(=O)CC(=O)C(C)(C)C,-547.31,-568.1
CC(C)C(=O)CC(=O)C(C)C,-514.61,-526.8
CC(C)C(C)(C)C,-237.55,-238.0
CC(C)C(C)(C)O,-409.76,-411.0
CC(C)C(C)(C)S,-194.98,-187.2
CC(C)C(C)(O)c1ccccc1,-279.57,-278.7
CC(C)C(C)=C,-90.12,-95.1
CC(C)C(C)=O,-298.88,-299.47
CC(C)C(C)C,-205.46,-207.0
CC(C)C(C)C(C)C,-256.68,-255.2
CC(C)C(C)O,-371.44,-369.9
CC(C)C(C)S,-160.71,-158.4
CC(C)C1CCC(=CC1)C,-164.1,-159.8
CC(C)C=C,-51.62,-51.6
CC(C)C=O,-246.03,-247.2
CC(C)CC(=O)CC(C)C,-409.23,-408.6
CC(C)CC(=O)c1ccccc1,-213.73,-220.2
CC(C)CC(C)(C)C,-261.85,-259.3
CC(C)CC(C)C,-235.04,-235.0
CC(C)CC(C)C(C)C,-286.45,-284.0
CC(C)CC(C)O,-397.73,-394.7
CC(C)CC(O)=O,-557.07,-561.6
CC(C)CC=C,-78.65,-78.22
CC(C)CCC(C)(C)C,-294.39,-293.3
CC(C)CCC(C)C,-257.26,-260.5
CC(C)CCCl,-217.65,-208.0
CC(C)CCO,-355.15,-355.9
CC(C)CCOC(=O)C(C)Cl,-604.85,-627.2
CC(C)CCOC(=O)C(Cl)(Cl)Cl,-582.4,-581.2
CC(C)CCOC(=O)C(Cl)Cl,-580.32,-575.3
CC(C)CCOC(=O)CC(C)Cl,-644.27,-644.3
CC(C)CCOC(=O)CCCCl,-637.57,-656.5
CC(C)CCOC(=O)CCCl,-608.12,-593.3
CC(C)CCOC(=O)CCl,-563.44,-571.5
CC(C)CCOCC1CO1,-377.37,-384.0
CC(C)CCS,-157.37,-154.1
CC(C)CCSCCC(C)C,-287.02,-282.0
CC(C)CN,-130.66,-132.5
CC(C)CO,-334.39,-334.6
CC(C)COC(=O)C(C)C,-586.14,-587.4
CC(C)COC(=O)C(C)Cl,-587.76,-603.3
CC(C)COC(=O)C(Cl)(Cl)Cl,-559.41,-554.0
CC(C)COC(=O)C(Cl)Cl,-558.63,-554.0
CC(C)COC(=O)CC(C)Cl,-623.78,-623.4
CC(C)COC(=O)CCCCl,-617.58,-630.5
CC(C)COC(=O)CCCl,-590.93,-572.8
CC(C)COC(C)(C)C,-409.9,-409.1
CC(C)COCC1CO1,-348.38,-357.7
CC(C)CON=O,-182.91,-186.0
CC(C)CS,-129.49,-132.0
CC(C)CSCC(C)C,-235.8,-229.0
CC(C)CSSCC(C)C,-240.58,-232.8
CC(C)C[S](=O)(=O)CC(C)C,-603.07,-625.17
CC(C)Cc1ccccc1,-70.64,-69.9
CC(C)N,-112.4,-112.3
CC(C)N=NC(C)C,-7.96,-0.1
CC(C)NC(C)C,-170.68,-171.0
CC(C)O,-317.6,-317.0
CC(C)OC(=O)C(Cl)(Cl)Cl,-546.43,-536.4
CC(C)OC(=O)CCC=C,-466.32,-464.0
CC(C)OC(C)(C)C,-389.61,-393.0
CC(C)OC(C)=O,-518.16,-526.9
CC(C)OC(C)C,-353.94,-351.5
CC(C)OC(C)OC(C)C,-586.21,-569.2
CC(C)OC=C,-202.73,-205.0
CC(C)OCC1CO1,-331.45,-342.9
CC(C)ON=O,-165.24,-164.0
CC(C)S,-107.29,-106.6
CC(C)SC(C)C,-185.57,-182.0
CC(C)[S](C)(=O)=O,-495.99,-503.8
CC(C)\C=C/C(C)C,-144.96,-151.1
CC(C)c1cc(C(C)C)c(O)c(c1)C(C)C,-409.22,-390.0
CC(C)c1cc(C)ccc1O,-285.72,-280.0
CC(C)c1ccc(C(C)C)c(O)c1,-342.68,-330.0
CC(C)c1ccc(C)c(O)c1,-290.99,-270.0
CC(C)c1ccc(O)c(C)c1,-279.25,-280.0
CC(C)c1ccc(O)c(c1)C(C)C,-338.77,-310.0
CC(C)c1cccc(C(C)C)c1O,-319.47,-330.0
CC(C)c1cccc(C)c1O,-278.5,-270.0
CC(C)c1cccc(O)c1,-244.52,-260.0
CC(C)c1cccc(c1O)C(C)(C)C,-369.84,-330.0
CC(C)c1ccccc1,-39.88,-41.2
CC(C)c1ccccc1O,-242.41,-230.0
CC(Cl)(Cl)Cl,-179.64,-178.6
CC(Cl)=O,-267.07,-272.0
CC(Cl)C(C)Cl,-236.94,-240.8
CC(Cl)CCCl,-237.26,-237.3
CC(Cl)Cl,-164.6,-163.3
CC(F)=O,-467.28,-466.39
CC(N(C)C)C(=O)c1ccccc1,-139.03,-134.7
CC(N)CN,-94.35,-97.8
CC(O)=O,-481.81,-483.52
CC(O)CCO,-522.72,-515.1
CC(O)CO,-493.48,-500.3
CC/C=C/C(C)(C)C,-148.51,-157.8
CC1(C)CC1,-36.23,-33.3
CC1(C)CCC(C)(C)N=N1,-16.3,-7.9
CC1(C)CCCC(C)(C)N1,-213.44,-206.9
CC1(C)CCCC1,-171.76,-172.1
CC1(C)COC(C)(OC1)c2ccccc2,-419.31,-414.52
CC1(C)COC1,-183.4,-182.2
CC1(C)COC1=O,-414.18,-395.1
CC1(C)COCOC1,-449.37,-461.3
CC1=CCCC1,-36.39,-36.4
CC1=CCCO1,-156.34,-165.0
CC1=CNC(=O)NC1=O,-473.21,-462.8
CC1=NCCO1,-164.9,-169.5
CC1CC(C)OC(C)(C)O1,-525.62,-526.3
CC1CC(C)OC(C)O1,-503.05,-490.0
CC1CC=CC1,-14.24,-17.7
CC1CCC(=CC1)C(C)C,-156.84,-156.8
CC1CCC(=O)O1,-462.09,-461.3
CC1CCC=C1,-20.38,-24.9
CC1CCCC1,-134.36,-137.7
CC1CCCCC1,-185.24,-190.2
CC1CCCCN1,-124.59,-124.9
CC1CCCS1,-109.26,-105.1
CC1CCOC(C)O1,-473.33,-468.0
CC1CCOCO1,-423.39,-417.6
CC1CCSC1,-113.98,-102.7
CC1CO1,-123.4,-122.6
CC1COC(=O)O1,-612.45,-613.0
CC1COCOC1C,-451.64,-453.0
CC1OC(C)OC(C)O1,-670.19,-681.8
CC1OCCCO1,-433.9,-436.5
CC1OCCO1,-384.77,-385.1
CC=C(C)C,-67.71,-68.1
CC=C1CCCC1,-53.21,-56.82
CC=O,-192.79,-196.4
CCBr,-91.02,-95.5
CCC,-120.24,-119.8
CCC#N,18.18,15.5
CCC(=C)C(O)=O,-431.02,-445.4
CCC(=C)C=O,-163.31,-168.0
CCC(=C)CC,-83.78,-87.2
CCC(=O)C(C)(C)C,-357.12,-356.1
CCC(=O)C(C)C,-323.73,-325.9
CCC(=O)CC,-297.99,-296.51
CCC(=O)CC(=O)C(C)(C)C,-521.9,-527.1
CCC(Br)CBr,-143.32,-140.8
CCC(C(C)C)C(C)C,-273.22,-269.7
CCC(C)(Br)Br,-144.02,-135.7
CCC(C)(C)C,-212.59,-213.4
CCC(C)(C)C(C)C,-259.32,-253.7
CCC(C)(C)CC,-234.59,-234.6
CCC(C)(C)O,-381.41,-379.5
CCC(C)(C)OC,-339.47,-341.79
CCC(C)(C)OC(C)=O,-573.24,-581.8
CCC(C)(C)ON=O,-253.22,-251.0
CCC(C)(C)S,-167.61,-162.6
CCC(C)(CC)CC,-257.09,-253.0
CCC(C)(O)CC,-406.24,-404.9
CCC(C)=C,-61.14,-60.96
CCC(C)=O,-271.69,-273.3
CCC(C)Br,-153.86,-155.3
CCC(C)C,-176.61,-178.2
CCC(C)C#N,-37.2,-40.03
CCC(C)C(=O)OC,-521.58,-534.3
CCC(C)C(C)(C)C,-260.48,-257.1
CCC(C)C(C)C,-228.76,-233.0
CCC(C)C(C)CC,-250.27,-252.0
CCC(C)C(O)=O,-560.61,-554.5
CCC(C)CC,-200.27,-202.0
CCC(C)CC(C)C,-258.27,-257.2
CCC(C)CO,-356.17,-356.6
CCC(C)CS,-153.44,-154.1
CCC(C)Cl,-198.79,-198.43
CCC(C)N,-135.28,-137.5
CCC(C)NC(C)CC,-213.85,-227.7
CCC(C)O,-340.7,-342.6
CCC(C)OC(=O)\C=C\C,-494.05,-474.0
CCC(C)OC(C)(C)C,-415.49,-420.3
CCC(C)OC(C)CC,-402.94,-401.6
CCC(C)ON=O,-188.88,-188.0
CCC(C)S,-131.55,-131.0
CCC(C)c1ccc(O)cc1,-261.93,-256.4
CCC(C)c1ccccc1,-66.52,-66.0
CCC(C)c1ccccc1O,-253.54,-251.3
CCC(CC)(CC)C(CC)(CC)CC,-343.64,-329.9
CCC(CC)C(C)C,-250.92,-249.7
CCC(CC)CC,-221.91,-225.0
CCC(Cl)CCl,-230.03,-231.4
CCC(N)CN,-116.3,-120.2
CCC(O)=O,-502.32,-510.0
CCC(O)C(C)C,-393.4,-396.4
CCC(O)CC,-364.5,-368.9
CCC(OC)(OC)OC,-641.3,-634.2
CCC1(CCl)COC1,-248.93,-243.0
CCC1=CCCC1,-60.34,-58.37
CCC1=CCCCC1,-102.67,-106.8
CCC1=NCCO1,-193.53,-193.1
CCC1CC1CC,-45.89,-80.0
CCC1CCC1,-56.11,-58.95
CCC1CCCC1,-159.98,-163.5
CCC1CCCCC1,-211.62,-212.2
CCC=O,-217.13,-218.3
CCCBr,-116.8,-124.4
CCCC#N,-5.93,-5.8
CCCC(=O)CC,-322.05,-320.13
CCCC(=O)OC(C)CC,-590.82,-592.0
CCCC(=O)OC1CCCCC1,-599.84,-605.7
CCCC(=O)OCC,-528.0,-528.4
CCCC(=O)OCC(C)(C)C,-634.13,-624.8
CCCC(=O)OCC1CO1,-545.78,-560.4
CCCC(C#N)N(CC)CC,-65.95,-61.9
CCCC(C)(C#N)OC,-208.4,-217.9
CCCC(C)(C)C,-238.53,-238.7
CCCC(C)(C)CC,-260.41,-257.7
CCCC(C)(C)S,-193.11,-187.9
CCCC(C)=O,-296.74,-297.3
CCCC(C)C,-201.49,-204.3
CCCC(C)C(C)C,-254.15,-252.8
CCCC(C)CC,-225.92,-227.4
CCCC(C)CCC,-250.62,-251.8
CCCC(C)O,-366.59,-366.4
CCCC(CC)CC,-245.87,-250.5
CCCC(O)=O,-531.18,-533.92
CCCC(O)CC,-390.83,-390.3
CCCC(O)CCC,-415.32,-416.3
CCCC(O)CO,-548.52,-546.7
CCCC(OC)OC,-474.26,-467.4
CCCC1CCCC1,-185.45,-188.7
CCCC1CCCCC1,-237.24,-237.5
CCCC=C,-46.97,-49.0
CCCC=O,-240.69,-240.3
CCCCBr,-142.25,-143.8
CCCCC,-171.63,-173.1
CCCCC#N,-32.63,-33.2
CCCCC(=O)CCCC,-393.45,-398.2
CCCCC(=O)OC,-516.96,-514.2
CCCCC(=O)OC(C)C,-591.42,-592.0
CCCCC(=O)OC(C)CC,-615.63,-624.0
CCCCC(=O)OCC,-553.35,-553.1
CCCCC(=O)OCC(C)C,-607.19,-620.0
CCCCC(C(=O)OCC)(C(=O)OCC)C(=O)OCC,-1360.3,-1343.2
CCCCC(C)(C#N)CCCC,-191.39,-193.0
CCCCC(C)(C)C,-264.15,-262.0
CCCCC(C)=O,-321.85,-322.0
CCCCC(C)C,-228.06,-229.8
CCCCC(C)CC,-251.32,-252.5
CCCCC(C)CCCC,-302.62,-307.9
CCCCC(C)O,-392.02,-392.0
CCCCC(CC)C(O)=O,-637.3,-635.1
CCCCC(CC)CO,-428.1,-432.88
CCCCC(O)=O,-557.89,-558.9
CCCCC(O)CC,-418.25,-416.8
CCCCC1CCCC1,-211.01,-214.3
CCCCC1CCCCC1,-261.95,-263.2
CCCCC=C,-71.34,-73.0
CCCCCBr,-167.56,-170.4
CCCCCC,-196.84,-198.7
CCCCCC(=O)CCCCC,-444.79,-448.1
CCCCCC(=O)OC,-542.66,-540.2
CCCCCC(=O)OCC,-578.8,-579.1
CCCCCC(C#N)C#N,69.01,68.74
CCCCCC(C)(C)C,-289.84,-288.2
CCCCCC(C)C,-252.9,-255.2
CCCCCC(C)O,-416.91,-416.9
CCCCCC(O)=O,-585.17,-585.68
CCCCCC=C,-97.14,-97.0
CCCCCCBr,-192.86,-194.5
CCCCCCC,-222.54,-224.4
CCCCCCC#N,-81.05,-82.8
CCCCCCC(=O)OC,-567.37,-567.1
CCCCCCC(=O)OCC,-604.02,-603.8
CCCCCCC(N(F)F)N(F)F,-287.89,-271.0
CCCCCCC(O)=O,-607.45,-608.5
CCCCCCC1CCC(=O)O1,-578.63,-559.0
CCCCCCC=C,-122.07,-121.8
CCCCCCC=O,-317.23,-312.0
CCCCCCCBr,-218.27,-218.6
CCCCCCCC,-248.25,-250.0
CCCCCCCC#N,-106.75,-107.4
CCCCCCCC(=O)OCC,-628.16,-629.5
CCCCCCCC(C)=O,-397.61,-397.2
CCCCCCCC(C)C,-305.63,-309.8
CCCCCCCC(O)=O,-636.67,-636.89
CCCCCCCC1CCCCC1,-339.38,-353.0
CCCCCCCCBr,-244.09,-245.2
CCCCCCCCC,-274.46,-274.7
CCCCCCCCC(=O)OCC,-653.49,-653.9
CCCCCCCCC(O)=O,-658.11,-658.0
CCCCCCCCC=C,-174.0,-173.8
CCCCCCCCCC,-299.96,-301.0
CCCCCCCCCC#N,-158.89,-158.4
CCCCCCCCCC(=O)OCC,-678.36,-679.6
CCCCCCCCCCC,-325.77,-327.2
CCCCCCCCCCC#N,-184.13,-184.5
CCCCCCCCCCC(=O)OCC,-702.65,-705.4
CCCCCCCCCCC(C)=O,-475.11,-476.1
CCCCCCCCCCC(CCCCCCCCCC)CCCCCCCCCC,-826.02,-842.2
CCCCCCCCCCC1CCCCC1,-416.24,-418.4
CCCCCCCCCCC=C,-225.67,-226.2
CCCCCCCCCCCC,-351.08,-352.1
CCCCCCCCCCCC(CCCC)CCCCCCCCCC,-703.49,-717.6
CCCCCCCCCCCCBr,-346.08,-344.7
CCCCCCCCCCCCC,-377.23,-377.7
CCCCCCCCCCCCC1CCCCC1,-468.78,-467.6
CCCCCCCCCCCCCC,-403.09,-403.3
CCCCCCCCCCCCCC#N,-260.07,-260.1
CCCCCCCCCCCCCCC,-428.3,-428.8
CCCCCCCCCCCCCCC=C,-328.0,-327.3
CCCCCCCCCCCCCCCC,-454.2,-456.1
CCCCCCCCCCCCCCCC(O)=O,-832.05,-848.4
CCCCCCCCCCCCCCCCBr,-448.53,-444.5
CCCCCCCCCCCCCCCCC,-479.79,-479.5
CCCCCCCCCCCCCCCCCC,-506.32,-505.4
CCCCCCCCCCCCCCCCCC(CCCC)CCCC,-706.49,-715.5
CCCCCCCCCCCCCCCCCCC,-531.12,-530.9
CCCCCCCCCCCCCCCCCCCC,-557.73,-556.5
CCCCCCCCCCCCCCCCCCCl,-551.21,-544.2
CCCCCCCCCCCCCCF,-592.39,-606.51
CCCCCCCCCCCCCl,-390.17,-392.3
CCCCCCCCCCCCF,-541.45,-553.19
CCCCCCCCCCCCO,-532.11,-528.5
CCCCCCCCCCO,-480.7,-479.74
CCCCCCCCCCOC,-445.43,-443.4
CCCCCCCCCCS,-277.57,-276.4
CCCCCCCCCF,-466.17,-474.3
CCCCCCCCCO,-454.99,-453.6
CCCCCCCCCl,-287.5,-291.3
CCCCCCCCN,-225.31,-228.1
CCCCCCCCN(CCCCCCCC)CCCCCCCC,-578.64,-585.3
CCCCCCCCNCCCCCCCC,-404.72,-407.3
CCCCCCCCO,-428.29,-428.0
CCCCCCCO,-403.58,-403.4
CCCCCCCS,-201.16,-200.5
CCCCCCO,-376.87,-377.5
CCCCCCS,-175.26,-175.7
CCCCCCl,-211.52,-212.0
CCCCCO,-352.17,-352.57
CCCCCOCC(O)COC(C)(C)C,-837.42,-818.0
CCCCCOCC(O)COOC(C)(C)C,-760.67,-771.1
CCCCCOCCCCC,-440.22,-435.2
CCCCCS,-150.12,-150.9
CCCCCSC,-169.28,-167.0
CCCCCSCCCCC,-271.41,-267.0
CCCCCl,-186.04,-188.2
CCCCN,-121.82,-127.7
CCCCN=CC(C)C,-124.06,-133.0
CCCCN=NC,46.53,42.5
CCCCN=NCCCC,-29.72,-30.0
CCCCNC(C)C,-184.74,-203.2
CCCCNCC(C)C,-202.11,-216.0
CCCCNCCCC,-197.97,-206.1
CCCCO,-326.46,-328.0
CCCCOC,-291.31,-290.5
CCCCOC(=O)/C=C/CC,-489.62,-495.0
CCCCOC(=O)C(C)(C)C,-615.05,-616.4
CCCCOC(=O)C(C)CC,-604.16,-609.5
CCCCOC(=O)C(C)Cl,-579.26,-572.0
CCCCOC(=O)C(Cl)(Cl)Cl,-550.61,-546.4
CCCCOC(=O)C(Cl)Cl,-549.33,-550.2
CCCCOC(=O)C=C,-424.62,-422.6
CCCCOC(=O)CC(C)Cl,-615.28,-610.9
CCCCOC(=O)CCC=C,-474.8,-480.0
CCCCOC(=O)CCCC,-599.9,-613.0
CCCCOC(=O)CCCCl,-608.68,-618.0
CCCCOC(=O)CCCl,-582.03,-558.1
CCCCOC(=O)C\C=C\C,-480.09,-487.0
CCCCOC(=O)\C=C\C,-476.32,-468.0
CCCCOC(C)(C)C,-402.97,-403.3
CCCCOC(C)(C)C#CC=C,-80.69,-62.4
CCCCOC(C)(C)CC,-425.69,-428.34
CCCCOC(CC)OCCCC,-629.89,-608.6
CCCCOC=C,-216.23,-215.8
CCCCOCC1CO1,-347.21,-345.0
CCCCOCCCC,-377.45,-377.6
CCCCOCOCCCC,-538.09,-549.0
CCCCON=O,-175.89,-182.0
CCCCO[S](=O)(=O)OCCCC,-919.85,-904.4
CCCCO[S](=O)OCCCC,-691.43,-692.9
CCCCSC,-144.36,-143.0
CCCCSCC,-171.01,-172.0
CCCCSCCCC,-218.76,-220.5
CCCCSSCCCC,-224.32,-222.9
CCCC[C@H](O)CO,-567.65,-577.1
CCCC[S](C)(=O)=O,-510.94,-535.84
CCCC\C=C/C,-108.91,-105.9
CCCC\C=C\C,-107.61,-109.4
CCCCc1ccccc1,-62.76,-62.9
CCCN,-98.88,-101.5
CCCN(CCC)CCC,-206.47,-206.9
CCCN=NCCC,19.17,22.0
CCCNCCC,-152.26,-154.6
CCCO,-301.37,-302.5
CCCOC,-266.43,-265.96
CCCOC(=O)C(Cl)(Cl)Cl,-530.02,-513.4
CCCOC(=O)CC(C)Cl,-594.4,-590.4
CCCOC(=O)CCC=C,-450.71,-447.0
CCCOC(=O)CCCCl,-587.79,-591.6
CCCOC(=O)CCCl,-558.25,-537.6
CCCOC(=O)CCl,-512.5,-516.0
CCCOC(=O)C\C=C\C,-456.01,-454.0
CCCOC(=O)\C=C\C,-443.11,-443.0
CCCOC(=O)\C=C\CC,-466.53,-465.0
CCCOC(=O)c1cc(C(=O)OCCC)c(cc1C(=O)OCCC)C(=O)OCCC,-1600.14,-1613.6
CCCOC=C,-189.15,-191.0
CCCOCC,-303.76,-303.6
CCCOCC(O)COC(C)(C)C,-787.74,-774.0
CCCOCC(O)COOC(C)(C)C,-710.99,-725.0
CCCOCC1CO1,-322.33,-319.9
CCCOCCC,-328.38,-328.8
CCCON=O,-150.8,-151.0
CCCO[S](=O)(=O)OCCC,-870.68,-858.7
CCCO[S](=O)OCCC,-642.26,-646.6
CCCS,-99.97,-100.6
CCCSCC,-145.95,-144.8
CCCSCCC,-171.49,-169.8
CCCSSCCC,-174.62,-171.5
CCC[S](=O)(=O)CCC,-538.44,-548.19
CCC[S](=O)CCC,-311.52,-329.0
CCC\C=C/C,-82.4,-80.12
CCC\C=C/CC,-105.92,-104.6
CCC\C=C\C,-82.6,-82.6
CCC\C=C\CC,-105.92,-108.4
CCCc1ccccc1,-37.38,-38.4
CCCl,-135.12,-137.0
CCN,-76.41,-84.5
CCN(CC)C#N,32.06,15.8
CCN(CC)C(C)=O,-334.81,-335.4
CCN(CC)C(C)C(=O)c1ccccc1,-193.34,-195.7
CCN(CC)CC,-131.61,-127.8
CCN(CC)CC#N,15.96,16.1
CCN(CC)CC(=O)c1ccccc1,-165.29,-167.7
CCN(CC)CC(C)=O,-273.82,-281.0
CCN(CC)c1ccccc1,-10.39,-16.0
CCN(O)CC,-174.59,-174.75
CCNCC,-104.04,-131.0
CCNc1cccc(C)c1,-13.1,-29.5
CCNc1ccccc1,11.93,4.0
CCO,-276.66,-276.0
CCOC(=O)C(=C)C=C,-310.89,-338.0
CCOC(=O)C(C(=O)OCC)C(=O)OCC,-1249.38,-1252.3
CCOC(=O)C(C)(C(=O)OCC)C(=O)OCC,-1279.76,-1271.6
CCOC(=O)C(C)(C)C,-564.87,-566.8
CCOC(=O)C(C)C#N,-367.1,-370.54
CCOC(=O)C(C)CC,-561.77,-560.4
CCOC(=O)C=C,-376.33,-370.6
CCOC(=O)CC,-504.14,-502.7
CCOC(=O)CC#CC,-262.14,-287.0
CCOC(=O)CC(C)=O,-637.17,-640.4
CCOC(=O)CC(C)C,-559.04,-571.3
CCOC(=O)CCC#C,-262.28,-282.0
CCOC(=O)CCC=C,-427.61,-431.0
CCOC(=O)CCCCl,-566.79,-566.5
CCOC(=O)C\C=C\C,-432.9,-432.0
CCOC(=O)OCC,-690.28,-681.5
CCOC(=O)\C=C\C,-419.01,-420.0
CCOC(=O)\C=C\CC,-442.43,-442.0
CCOC(=O)c1ccccc1C(=O)OCC,-764.92,-753.08
CCOC(C)(C)C,-353.45,-350.8
CCOC(C)(C)OCC,-541.37,-538.5
CCOC(C)(OCC)c1ccccc1,-440.35,-441.4
CCOC(C)(OCC)n1ccnc1,-340.34,-368.9
CCOC(C)=O,-479.35,-479.86
CCOC(COC)n1ccnc1,-291.12,-329.3
CCOC(Cl)=O,-473.84,-497.3
CCOC(N)=O,-495.45,-497.3
CCOC(OCC)(OCC)OCC,-915.84,-914.6
CCOC(OCC)OCC,-683.03,-681.3
CCOC(OCC)SCC,-474.28,-487.6
CCOC1=C(OCC)C(=O)C1=O,-539.87,-552.1
CCOC1OC(C)(C)C(C)(C)O1,-751.29,-727.5
CCOC=C,-166.58,-166.6
CCOC=O,-424.48,-430.5
CCOCC,-279.36,-271.2
CCOCC#N,-118.42,-116.0
CCOCC(O)COC(C)(C)C,-763.19,-751.0
CCOCC(O)COOC(C)(C)C,-686.44,-707.0
CCOCCCOCC,-490.68,-482.1
CCOCCCl,-307.91,-335.6
CCOCCOCC,-453.33,-453.5
CCOCOC(=O)CC,-676.98,-667.2
CCOCOCC,-445.64,-448.7
CCOCOCOCC,-614.07,-625.8
CCOCOCOCOCC,-782.67,-794.6
CCOCOCOCOCOCC,-951.23,-968.4
CCOOCC,-216.13,-223.0
CCO[S](=O)(=O)OCC,-819.96,-812.9
CCO[S](=O)OC,-552.05,-567.0
CCO[S](=O)OCC,-589.29,-600.45
CCOc1ccccc1,-144.36,-152.6
CCS,-72.43,-73.68
CCSC,-93.59,-92.3
CCSC(=O)C(F)(F)F,-875.1,-851.9
CCSC(C)(C)C,-187.73,-187.0
CCSC(C)=O,-270.78,-267.8
CCSC(C)C,-153.24,-156.0
CCSC=O,-217.2,-216.0
CCSCC,-120.32,-119.4
CCSCC=C,-22.89,-21.0
CCSCCSCC,-155.52,-142.5
CCSCSCC,-124.23,-116.0
CCSCc1ccccc1,-16.57,-5.2
CCSSCC,-122.51,-120.1
CCSc1ccccc1,17.82,21.9
CC[S](=O)(=O)CC=C,-398.28,-406.0
CC[S](=O)C(C)(C)C,-334.98,-349.0
CC[S](=O)CC,-258.58,-267.6
CC[S](=O)CC=C,-161.87,-174.9
CC[S](C)(=O)=O,-473.27,-486.39
CC\C(C)=C/C,-101.75,-94.06
CC\C(C)=C\C,-90.04,-94.93
CC\C=C/C,-56.7,-55.8
CC\C=C/C#N,85.2,71.8
CC\C=C/C(C)(C)C,-148.46,-136.4
CC\C=C/CC,-80.62,-79.4
CC\C=C\C,-56.6,-57.98
CC\C=C\C#N,83.53,81.0
CC\C=C\CC,-80.85,-80.8
CCc1ccc(C)cc1,-49.15,-49.9
CCc1ccc(C)nc1,-0.44,-11.4
CCc1ccc(cc1N=C=O)N=C=O,-177.51,-196.0
CCc1cccc(C)c1,-41.71,-48.8
CCc1cccc(O)c1,-210.25,-214.3
CCc1ccccc1,-11.41,-12.5
CCc1ccccc1C,-42.85,-46.5
CCc1ccccc1O,-203.05,-208.8
CCl,-102.07,-102.4
CN,-43.55,-47.3
CN(C)C,-47.6,-45.73
CN(C)C(=O)N(C)C,-266.93,-262.2
CN(C)C(C#N)c1ccccc1,157.27,157.53
CN(C)CC#N,67.51,69.0
CN(C)CC(=O)c1ccccc1,-116.36,-116.0
CN(C)CC(C)=O,-222.68,-223.7
CN(C)CCC#N,32.75,43.6
CN(C)CCCN,-79.86,-77.3
CN(C)CO,-244.78,-253.6
CN(C)N,56.96,48.3
CN(C)c1ccc(C)cc1,7.67,11.7
CN(C)c1cccc(C)c1,20.58,14.4
CN(C)c1ccccc1,45.25,47.7
CN(C=O)c1ccccc1,-137.62,-145.9
CN(N)c1ccccc1,148.04,147.6
CN1CCCC1=O,-269.89,-265.73
CNC,-41.8,-45.0
CNC(C)=O,-308.44,-313.2
CNN,58.21,54.14
CNc1ccccc1,42.21,33.4
CO,-238.81,-238.9
COC(=C)OC,-312.92,-316.1
COC(=O)C(C)(C)C,-540.87,-530.07
COC(=O)C(C)(C)C(=O)OC,-862.32,-858.43
COC(=O)C(C)=C,-380.05,-382.4
COC(=O)C(C)C(=O)OC,-828.72,-826.34
COC(=O)C(C)CC(C)(C)C,-603.16,-614.7
COC(=O)C(F)(F)C(F)(F)F,-1466.36,-1463.0
COC(=O)C(F)(F)F,-1041.55,-1020.0
COC(=O)C1CC1,-329.66,-346.0
COC(=O)C1CCC1,-371.63,-395.1
COC(=O)C=C,-333.58,-362.2
COC(=O)CC#N,-311.15,-312.0
COC(=O)CC(=O)OC,-803.13,-799.69
COC(=O)CC(C)(C)C,-537.95,-556.1
COC(=O)CC(C)C,-523.24,-538.9
COC(=O)CCl,-460.4,-487.0
COC(=O)CN(C)C,-419.61,-414.3
COC(=O)CO,-612.52,-609.41
COC(=O)[C@@H](C)N(C)C,-450.07,-440.7
COC(=O)\C=C\C,-383.26,-383.0
COC(=O)c1ccc(Cl)cc1,-391.78,-385.3
COC(=O)c1ccccc1,-325.33,-324.3
COC(=O)c1occc1,-440.05,-450.2
COC(C#N)C(C)(C)C,-226.94,-223.5
COC(C#N)c1ccccc1,-0.04,-35.4
COC(C)(C)C,-316.23,-315.4
COC(C)(C)C#N,-153.35,-162.8
COC(C)(C)OC,-468.7,-460.7
COC(C)(OC)OC,-614.98,-612.0
COC(C)(OC)c1ccccc1,-354.55,-343.48
COC(C)=O,-444.6,-445.89
COC(C)OC,-429.3,-419.99
COC(CCl)(OC)OC,-640.21,-661.1
COC(N)=O,-458.99,-472.7
COC(OC)(OC)OC,-771.93,-767.3
COC(OC)(OC)c1ccccc1,-496.19,-485.8
COC(OC)OC,-575.3,-575.3
COC(OC)\C=C\C,-364.81,-346.0
COC(OC)c1ccccc1,-289.36,-308.4
COC1(CCCCC1)OC,-517.39,-492.0
COC1(OC)CCCC1,-471.57,-444.0
COC1OCCO1,-540.86,-530.01
COC=O,-368.79,-365.9
COCC#N,-80.0,-77.36
COCCO,-411.01,-422.0
COCCOC,-378.86,-379.56
COCCOC(C)=O,-618.85,-622.8
COCCOCCOC,-547.08,-556.4
CON=O,-90.22,-85.1
CO[S](=O)(=O)OC,-739.22,-735.25
CO[S](=O)OC,-513.56,-523.3
COc1cc(C)ccc1O,-366.98,-362.8
COc1ccc(cc1)C(Cl)=O,-329.67,-335.9
COc1ccccc1,-104.08,-114.8
CS,-46.45,-46.65
CSC,-66.91,-65.44
CSC(=S)SC,-13.05,-8.4
CSC(C)(C)C,-161.85,-156.9
CSC(C)C,-126.19,-124.7
CSC1CCCC1,-108.99,-109.5
CSCc1ccccc1,9.04,26.0
CSSC,-63.96,-62.6
CSc1ccccc1,42.32,43.3
C[C@@H](Cl)[C@@H](C)Cl,-236.94,-241.9
C[C@@H]1CCC[C@H]1C,-178.85,-171.3
C[C@@H]1CC[C@@H](C)C1,-180.8,-170.2
C[C@@H]1CC[C@H](C)C1,-170.83,-168.2
C[C@H]1CCCC(C)(C)CC1,-263.83,-255.9
C[C@H]1CCCC[C@H]1O,-380.4,-395.7
C[C@H]1CCC[C@H]1C,-170.38,-165.4
C[C](C)=[C]=[CH2],100.12,101.2
C[S](C)=O,-201.48,-203.4
C\1C\C=C/CC\C=C1,59.1,57.7
C\C=C/C#N,108.92,95.1
C\C=C/C=O,-151.36,-146.9
Cc1[nH]c(C)cc1,-22.41,-16.8
Cc1c(C)c(C)c(C)c(C)c1C,-159.51,-142.0
Cc1c(F)c(F)c(F)c(F)c1F,-876.83,-884.2
Cc1cc(C)c(C)c(C)c1,-96.28,-96.4
Cc1cc(C)c(C)cc1C,-119.05,-98.7
Cc1cc(on1)c2ccccc2,36.33,18.0
Cc1ccc(C)c(C)c1,-67.22,-61.9
Cc1ccc(C)c(C)c1C,-92.54,-90.2
Cc1ccc(C)cc1,-28.54,-24.4
Cc1ccc(C)nc1,12.1,18.6
Cc1ccc(F)cc1,-190.07,-186.9
Cc1ccc(N)cc1,-5.94,19.0
Cc1ccc(O)c(C)c1,-221.54,-228.8
Cc1ccc(O)cc1,-170.45,-193.0
Cc1ccc(cc1)C(Cl)=O,-204.61,-201.3
Cc1ccc(cc1)[S](C)(=O)=O,-358.2,-373.1
Cc1ccc(cc1Cl)N=C=O,-98.23,-126.0
Cc1cccc(C)c1,-17.87,-25.4
Cc1cccc(C)c1C,-62.75,-58.6
Cc1cccc(C)n1,9.43,12.6
Cc1cccc(O)c1,-181.91,-177.0
Cc1cccc(c1N)C(C)(C)C,-117.68,-108.6
Cc1ccccc1,10.84,12.0
Cc1ccccc1C,-30.78,-24.4
Cc1ccccc1N,3.0,-4.72
Cc1ccccc1O,-172.18,-202.0
Cc1ccccc1c2ccccc2,83.15,86.5
Cc1ccccn1,48.4,45.27
Cc1cccnc1,57.82,61.1
Cc1cccnc1C,17.61,19.3
Cc1ccnc(C)c1,12.21,16.1
Cc1ccncc1,57.24,56.78
Cc1ccncc1C,14.47,18.2
Cc1ccon1,0.54,-4.1
Cc1cnc(C)c(C)n1,5.76,20.4
Cc1cncc(C)c1,19.71,22.4
Cc1cscc1,37.03,43.05
Cc1cscn1,61.29,67.91
Cc1nccnc1C,68.01,73.4
Cc1nonc1C,54.18,56.0
Cc1onc(C)c1,-56.57,-63.1
Cc1onc(C)c1C,-87.14,-70.2
Cc1onc(c1)c2ccccc2,33.37,14.0
Cc1oncc1,-2.71,-5.61
Cc1sccc1,39.03,44.6
ClC#C,207.34,207.0
ClC(=O)C(Cl)(Cl)Cl,-272.22,-235.0
ClC(=O)C(Cl)=O,-362.13,-367.6
ClC(=O)c1ccc(Cl)cc1,-199.55,-191.7
ClC(=O)c1ccccc1,-160.73,-160.3
ClC(Cl)(Cl)C(=O)OCC=C,-397.67,-395.0
ClC(Cl)(Cl)C(Cl)(Cl)Cl,-213.77,-199.2
ClC(Cl)(Cl)Cl,-130.71,-128.4
ClC(Cl)(Cl)c1ccccc1,-39.68,-45.1
ClC(Cl)=C,-24.64,-24.3
ClC(Cl)=C(Cl)Cl,-65.32,-64.0
ClC(Cl)=C1C(Cl)(Cl)C(=C(Cl)C1(Cl)Cl)Cl,-71.22,-94.8
ClC(Cl)C(Cl)(Cl)Cl,-210.18,-203.0
ClC(Cl)C(Cl)=O,-273.37,-281.0
ClC(Cl)C(Cl)Cl,-202.81,-202.4
ClC(Cl)Cl,-132.1,-134.1
ClC1=C(Cl)C(Cl)(Cl)C(=C1Cl)Cl,-43.63,-79.2
ClC1CCCCC1,-205.75,-206.9
ClC=C,1.01,0.9
ClC=C(Cl)Cl,-49.46,-52.0
ClCC(Cl)(Cl)Cl,-199.32,-193.5
ClCC(Cl)=O,-268.74,-285.0
ClCC(Cl)CCl,-233.85,-230.0
ClCC(Cl)Cl,-187.73,-188.0
ClCC1(CCl)COC1,-262.46,-260.0
ClCC1CO1,-144.17,-149.0
ClCCCCCl,-227.0,-229.5
ClCCCl,-166.69,-167.2
ClCCl,-122.2,-124.1
ClCc1ccccc1,-29.47,-33.0
ClSCl,-31.42,-49.79
ClSSCl,-40.13,-58.16
Cl\C=C/Cl,-28.61,-28.0
Cl\C=C\Cl,-27.39,-30.0
Clc1ccc(Cl)c(Cl)c1,-81.01,-50.2
Clc1cccc(Cl)c1,-40.09,-20.5
Clc1ccccc1,-1.04,10.7
Clc1ccccc1Cl,-33.67,-17.6
Cn1cccc1,62.13,62.38
Cn1ncnn1,273.9,281.6
Cn1nnnc1C,170.99,186.1
FC(=C(C(F)(F)F)C(F)(F)F)C(F)(F)C(F)(F)F,-2563.48,-2522.4
FC(Cl)C(F)(F)Br,-687.46,-675.3
FC(F)(Cl)C(F)(Cl)Cl,-754.69,-755.0
FC(F)(Cl)C(F)(F)C(Cl)(Cl)OC(F)(F)C(F)(Cl)Cl,-1829.1,-1805.0
FC(F)(Cl)C(F)(F)Cl,-947.39,-960.2
FC(F)(Cl)OC(F)(F)C(F)(Cl)Cl,-1378.43,-1361.0
FC(F)(F)C(Cl)Br,-734.09,-720.0
FC(F)(F)C(F)(Cl)C(F)(F)Cl,-1384.88,-1376.0
FC(F)(F)C(F)(F)C(F)(F)C(F)(F)C(F)(F)C(F)(F)C(F)(F)F,-3452.1,-3421.7
FC(F)(F)CCOCCC(F)(F)F,-1659.33,-1645.4
FC(F)(F)Cc1ccccc1,-678.61,-669.95
FC(F)(F)c1ccccc1,-620.72,-620.45
FC(F)=C(F)Cl,-524.54,-522.7
FC(F)CCc1ccccc1,-452.63,-467.7
FC(c1ccccc1)c1ccccc1,-98.04,-112.4
FC1=C(F)C(F)(F)C(F)(F)C(F)(F)C1(F)F,-1959.11,-1966.2
FC1CCCCC1,-366.51,-374.06
FCc1ccccc1,-181.56,-172.59
FN(F)C1CCCCC1N(F)F,-260.05,-218.4
FN(F)Cc1ccccc1,-26.77,-37.0
FN1C(F)(F)C(F)(F)C(F)(F)C(F)(F)C1(F)F,-2086.6,-2071.3
Fc1c(F)c(F)c(Cl)c(F)c1F,-837.31,-850.4
Fc1c(F)c(F)c(F)c(F)c1F,-995.15,-991.7
Fc1cc(F)c(F)c(F)c1F,-850.95,-842.2
Fc1cc(F)c(F)cc1F,-693.15,-683.8
Fc1ccc(F)cc1,-354.41,-342.3
Fc1cccc(F)c1,-340.28,-343.9
Fc1cccc(c1)C(F)(F)F,-825.2,-830.2
Fc1ccccc1F,-327.43,-319.2
N#CC#CC#N,461.75,500.4
N#CC1=CCCC1,113.69,96.9
N#CC1CC1,143.95,140.8
N#CC1CCC1,112.59,103.0
N#CC1CCC=C1,124.33,111.5
N#CC1CCCC1,10.33,0.67
N#CC1CCCC=C1,76.95,56.15
N#CC1CCCCC1,-43.85,-47.2
N#CCCCCC#N,83.1,84.9
N#Cc1ccccc1,152.09,163.2
N(c1ccccc1)c2ccccc2,161.14,132.0
NC1CC1,46.02,45.81
NC1CCC1,9.76,5.61
NC1CCCC1,-93.46,-95.14
NC1CCCCC1,-144.77,-147.7
NC=O,-250.66,-251.0
NCCN,-61.99,-63.01
NCc1ccccc1,32.83,34.2
NN,78.89,50.63
Nc1ccccc1,34.27,33.0
O,-257.47,-285.83
O=C1CCC1,-127.89,-131.0
O=C1CCCC1,-234.28,-236.5
O=C1CCCCC1,-289.73,-276.1
O=C1CCCCC1C2=CCCCC2,-284.49,-288.8
O=C1CCCCCC1,-294.59,-297.6
O=C1CCCCCCC1,-305.19,-326.0
O=C1CCCCCCCCC1,-339.53,-363.4
O=C1CCCCCCCCCC1,-406.25,-386.4
O=C1CCCCCCCCCCCCO1,-662.08,-644.0
O=C1CCCCCCCCCCCO1,-638.25,-611.0
O=C1CCCCCCCCCCO1,-612.78,-583.0
O=C1CCCCCCCCO1,-532.51,-529.0
O=C1CCCCCCCO1,-496.31,-487.0
O=C1CCCCCCO1,-473.31,-465.0
O=C1CCCCCO1,-461.22,-458.0
O=C1CCCCO1,-461.99,-437.6
O=C1CCCN1,-281.86,-266.04
O=C1CCCO1,-415.92,-419.0
O=C1CCO1,-325.52,-329.9
O=C1OC=CO1,-441.57,-460.0
O=C=C=C=O,-123.8,-121.5
O=C=Nc1ccccc1,-34.47,-33.9
O=COc1ccccc1,-258.66,-268.6
O=Cc1ccccc1,-85.28,-86.2
O=Cc1occc1,-209.22,-202.0
O=NN1CCCCC1,-11.04,-31.0
O=NN1CCOCC1,-112.21,-138.0
OC(=O)C(F)(F)F,-1067.73,-1069.9
OC(=O)C=C,-376.39,-377.8
OC1CCC1,-193.27,-199.0
OC1CCCC1,-297.63,-300.0
OC1CCCCC1,-351.8,-352.0
OC=O,-401.37,-424.8
OCC(Cl)CCl,-362.09,-381.0
OCC(O)CO,-670.35,-669.6
OCC1CCCO1,-444.31,-435.6
OCC1OCCCO1,-608.38,-623.0
OCCCCCCCCCO,-658.43,-657.6
OCCCCCCCO,-583.09,-574.2
OCCCCCO,-530.8,-531.0
OCCCCO,-502.5,-503.0
OCCCO,-478.8,-480.8
OCCN(CCO)CCO,-682.93,-664.2
OCCO,-453.83,-453.1
OCc1ccccc1,-164.99,-167.0
OCc1occc1,-279.97,-277.0
S(c1ccccc1)c2ccccc2,171.13,163.8
S=C=S,74.78,89.41
SC1CCCC1,-90.98,-89.33
SC1CCCCC1,-142.61,-140.4
SCCCCCS,-132.07,-130.3
SCCCCS,-107.24,-105.8
SCCCS,-84.06,-79.5
SCCS,-47.38,-54.0
SCc1ccccc1,30.0,36.5
Sc1ccccc1,55.16,63.68
[CH2]=[C]1C[CH2]C1,86.85,93.85
[CH2]=[C]1C[CH](C1)C#N,207.54,207.9
[nH]1cccc1,65.32,63.1
c1ccccc1,49.63,49.04
c1ccncc1,98.78,99.96
c1ccnnc1,224.92,224.9
c1cnccn1,152.87,139.8
c1cncnc1,136.41,143.2
o1ccc(n1)c2ccccc2,105.4,75.3
o1cccc1,-62.31,-62.34
o1cccn1,43.03,42.13
o1ccnc1,-49.09,-48.03
o1nccc1c2ccccc2,85.35,80.3
s1cccc1,75.87,79.6
C/C=N/O,-50.99,-71.58
CC(=O)OC(C)(C)OC(C)=O,-930.74,-887.3
CC(C)(C)OOCC(O)CO,-688.03,-719.2
CC(OC(C)=O)OC(C)=O,-918.9,-871.5
COC(OC)(n1ccnc1)c2ccccc2,-116.26,-163.1
CCC(C)(C)OOCCO,-491.82,-534.2
ClC1=C(Cl)C(Cl)(Cl)C(Cl)(Cl)C1(Cl)Cl,-132.3,-176.8
FC(F)C(F)(F)COC(C(F)(F)F)C(F)(F)F,-2426.23,-2370.2
CC(C)(C)c1cccc(c1O)c2ccccc2,-216.26,-164.0
CCN(CC)C(=O)N(CC)CC,-455.2,-380.0
CCOC(=O)C#CCC,-254.02,-302.00
